input,output,Answer Relevance,Context Relevance,Groundedness
Is it normal to find parts of AI challenging?,It is normal to find parts of AI challenging.,,,
What are some common challenges in AI?,"Some common challenges in AI include finding suitable projects, estimating project timelines and return on investment, setting expectations, dealing with the highly iterative nature of AI projects, and collaborating with stakeholders who may lack expertise in AI. Additionally, companies are still navigating which AI skills they require and how to effectively hire individuals with those skills.",,,
What is the first step to becoming good at AI?,The first step to becoming good at AI is learning technical skills for a promising AI career.,1.0,,
Who are some accomplished individuals who have experienced imposter syndrome?,"Former Facebook COO Sheryl Sandberg, U.S. first lady Michelle Obama, actor Tom Hanks, and Atlassian co-CEO Mike Cannon-Brookes are some accomplished individuals who have experienced imposter syndrome.",1.0,0.6666666666666666,
What is imposter syndrome and how does it relate to AI?,"Imposter syndrome is a phenomenon where individuals doubt their accomplishments and have a persistent fear of being exposed as a fraud, despite evidence of their success. In the context of AI, newcomers to the field may experience imposter syndrome, feeling like they do not truly belong in the AI community even if they have achieved success. This can be a significant challenge for individuals in AI, as it may hinder their growth and confidence in pursuing a career in this field.",1.0,0.8333333333333333,
How can altruism be beneficial in building a career?,Helping others and lifting them up during one's career journey can lead to achieving better outcomes for oneself.,0.6666666666666666,0.16666666666666666,0.6666666666666666
What are some good habits to develop for a successful career?,"Developing good habits in eating, exercise, sleep, personal relationships, work, learning, and self-care can help individuals move forward in their careers while maintaining their health.",1.0,0.6666666666666666,0.5
What is the importance of networking in AI?,"Networking in AI is crucial as it provides opportunities to learn from experienced professionals, receive guidance, and potentially find mentors who can help navigate the field. Building a strong network can also lead to informational interviews, which can offer valuable insights into different job roles and company expectations within the AI industry. By connecting with others in the field, individuals can stay updated on industry trends, job opportunities, and best practices, ultimately enhancing their career prospects in AI.",1.0,0.16666666666666666,0.7222222222222221
How can teamwork contribute to success in AI?,"Teamwork can contribute to success in AI by allowing individuals to leverage their collective strengths and expertise towards a common goal. Working collaboratively on larger AI projects enables team members to combine their technical insights, problem-solving skills, and diverse perspectives to address complex challenges more effectively. This collaborative effort not only fosters innovation and creativity but also enhances the quality of project outcomes through shared knowledge and expertise. Ultimately, teamwork in AI projects can lead to improved decision-making, increased efficiency, and the successful achievement of project objectives.",1.0,0.16666666666666666,0.38888888888888884
What are the keys to building a career in AI?,"Collaborating with others, influencing and being influenced by others, and working in teams are critical keys to building a career in AI.",0.3333333333333333,1.0,0.8333333333333333
